{"accuracy": [0.2900296449661255, 0.5219607353210449, 0.622405469417572, 0.680967390537262, 0.7341549396514893, 0.7644551396369934, 0.7929021716117859, 0.8254262208938599, 0.8466456532478333, 0.8688843846321106, 0.8915863633155823, 0.9036323428153992, 0.9189214110374451, 0.9217939376831055, 0.9395848512649536, 0.9463491439819336, 0.9526501297950745, 0.9560785889625549, 0.9680318832397461, 0.9613602757453918, 0.9722016453742981, 0.9700704216957092, 0.9741474986076355, 0.9725722670555115, 0.9802631735801697, 0.9838769435882568, 0.9822090268135071, 0.9794291853904724, 0.9799851775169373, 0.98591548204422], "loss": [1.9016817808151245, 1.3665025234222412, 1.0810420513153076, 0.9129647016525269, 0.7787025570869446, 0.6934782862663269, 0.6049631237983704, 0.5190167427062988, 0.4516650438308716, 0.3861539661884308, 0.3239697217941284, 0.2850940525531769, 0.24442797899246216, 0.219797283411026, 0.17256803810596466, 0.16218574345111847, 0.14411206543445587, 0.13311727344989777, 0.0979543998837471, 0.11368013918399811, 0.08269283175468445, 0.09030196070671082, 0.0820116475224495, 0.0841619148850441, 0.06311380118131638, 0.05036940425634384, 0.05777226388454437, 0.06275849789381027, 0.05978875979781151, 0.04164329543709755], "val_accuracy": [0.42105263471603394, 0.5300222635269165, 0.659006655216217, 0.6997776031494141, 0.7312824130058289, 0.729058563709259, 0.7857672572135925, 0.7787249684333801, 0.8005930185317993, 0.824314296245575, 0.8272794485092163, 0.8495181798934937, 0.8699036240577698, 0.8654558658599854, 0.8780578374862671, 0.8836175203323364, 0.8747220039367676, 0.8784284591674805, 0.8973313570022583, 0.8947368264198303, 0.8610081672668457, 0.88176429271698, 0.9017791152000427, 0.8951075077056885, 0.9040029644966125, 0.8876945972442627, 0.9006671905517578, 0.8643439412117004, 0.8977019786834717, 0.9103039503097534], "val_loss": [1.5929490327835083, 1.2529064416885376, 0.971396803855896, 0.8797464370727539, 0.7555112838745117, 0.7886687517166138, 0.6178169250488281, 0.6435290575027466, 0.5893009901046753, 0.5240184664726257, 0.5161221623420715, 0.44114044308662415, 0.39203476905822754, 0.39566683769226074, 0.3927404582500458, 0.3517276644706726, 0.4556531012058258, 0.40886586904525757, 0.3836974799633026, 0.35730695724487305, 0.4709038734436035, 0.4511778950691223, 0.3799765706062317, 0.3520766496658325, 0.34930360317230225, 0.4038473665714264, 0.45447880029678345, 0.5300294160842896, 0.37596336007118225, 0.395068496465683]}